03/06/2018,test0,test1
13:24:56,1,1
13:24:56,2,2
13:24:57,3,3
13:24:57,4,4
13:24:58,5,5
13:24:58,6,6
13:24:59,7,0
13:24:59,8,1
13:25:00,9,2
13:25:00,10,3
13:25:01,11,4
13:25:01,12,5
13:25:02,13,6
13:25:02,14,0
13:25:03,15,1
13:25:03,16,2
13:25:04,17,3
13:25:04,18,4
13:25:05,19,5
13:25:05,20,6
13:25:06,21,0
13:25:06,22,1
13:25:07,23,2
13:25:07,24,3
13:25:08,25,4
13:25:08,26,5
13:25:09,27,6
13:25:09,28,0
13:25:10,29,1
13:25:10,30,2
13:25:11,31,3
13:25:11,32,4
13:25:12,33,5
13:25:12,34,6
13:25:13,35,0
13:25:13,36,1
13:25:14,37,2
13:25:14,38,3
13:25:15,39,4
13:25:15,40,5
13:25:16,41,6
